{
	"method": "ase",
	"totalCost": [1,10,50,100,500,1000,5000,10000],
	"accuracy": [[0.17360114777618366,0.17360114777618366,0.17360114777618366,0.17360114777618366,0.17360114777618366,0.17360114777618366,0.17360114777618366,0.17360114777618366,0.17360114777618366,0.17360114777618366],[1,0.17360114777618366,0.17360114777618366,1,1,1,0.17360114777618366,1,0.17360114777618366,1],[1,1,1,1,1,1,1,1,1,1],[1,1,1,1,1,1,1,1,1,1],[1,1,1,1,1,1,1,1,1,1],[1,1,1,1,1,1,1,1,1,1],[1,1,1,1,1,1,1,1,1,1],[1,1,1,1,1,1,1,1,1,1]],
	"cost": [[0,0,0,0,0,0,0,0,0,0],[9.81615598885794,0,0,4.47075208913649,1.9498607242339834,2.8467966573816157,0,6.426183844011142,0,3.604456824512535],[48.72701949860724,48.300835654596106,41.00278551532033,43.562674094707525,49.8300835654596,49.623955431754865,44.93593314763231,49.353760445682454,49.13370473537604,48.5125348189415],[91.56267409470752,99.88022284122562,99.04735376044567,97.55710306406687,98.5793871866295,98.12534818941505,96.1142061281337,99.32033426183844,96.08635097493034,95.89136490250696],[499.9888579387185,491.36768802228426,495.33426183844,496.7966573816156,497.06406685236755,493.35097493036204,494.2952646239554,491.2534818941503,497.00278551532034,498.73259052924794],[998.242339832869,990.4094707520891,995.4094707520891,986.8523676880224,984.7827298050136,991.3454038997215,996.5988857938715,990.5097493036211,989.6824512534814,991.4261838440112],[4985.743732590531,4993.1949860724235,4983.902506963794,4978.253481894156,4995.980501392759,4975.286908077995,4978.701949860726,4993.746518105851,4990.894150417832,4996.208913649026],[9977.217270194982,9962.245125348183,9992.136490250698,9995.398328690808,9999.838440111418,9965.28690807799,9968.89693593314,9979.233983286902,9962.763231197769,9969.963788300834]]
}