{
	"method": "rand",
	"totalCost": [1,10,50,100,500,1000,5000,10000],
	"accuracy": [[0.17360114777618366,0.17360114777618366,0.17360114777618366,0.17360114777618366,0.17360114777618366,0.17360114777618366,0.17360114777618366,0.17360114777618366,0.17360114777618366,0.17360114777618366],[0.17360114777618366,0.17360114777618366,0.17360114777618366,0.17360114777618366,0.17360114777618366,0.17360114777618366,0.17360114777618366,0.17360114777618366,0.17360114777618366,0.17360114777618366],[0.8263988522238164,0.17360114777618366,0.8263988522238164,0.8263988522238164,0.8263988522238164,0.17360114777618366,0.17360114777618366,0.17360114777618366,0.8263988522238164,0.8263988522238164],[1,1,1,1,0.8263988522238164,0.8263988522238164,1,1,0.8263988522238164,1],[1,1,1,1,1,0.8263988522238164,1,1,1,1],[1,1,1,1,1,1,1,1,1,1],[1,1,1,1,1,1,1,1,1,1],[1,1,1,1,1,1,1,1,1,1]],
	"cost": [[0,0,0,0,0,0,0,0,0,0],[0,0,0,0,0,0,0,0,0,0],[37.75766016713092,28.676880222841227,21.963788300835652,36.4066852367688,45.50139275766017,0,0,41.532033426183844,36.65181058495821,13.58217270194986],[89.4066852367688,87.61281337047353,99.32033426183844,69.5292479108635,52.83008356545961,37.72423398328691,80.3008356545961,78.60445682451252,97.56267409470753,96.25905292479108],[493.52646239554315,492.1922005571031,440.3565459610028,486.81615598885804,487.6406685236768,481.6991643454039,461.1002785515321,496.02228412256267,481.2339832869081,471.3091922005571],[934.6629526462393,983.0891364902508,972.114206128134,971.5738161559888,967.1643454038997,928.0640668523678,998.2841225626739,989.1699164345403,994.2423398328691,999.9025069637883],[4961.008356545962,4980.65181058496,4911.1253481894155,4916.220055710305,4986.590529247912,4949.267409470752,4969.381615598887,4991.367688022283,4985.999999999997,4970.09192200557],[9993.938718662956,9979.016713091918,9939.247910863513,9938.73537604457,9956.816155988858,9900.303621169913,9996.688022284125,9977.966573816155,9912.373259052922,9998.306406685242]]
}