{
	"method": "rand",
	"totalCost": [1,10,50,100,500,1000,5000,10000],
	"accuracy": [[0.17360114777618366,0.17360114777618366,0.17360114777618366,0.17360114777618366,0.17360114777618366,0.17360114777618366,0.17360114777618366,0.17360114777618366,0.17360114777618366,0.17360114777618366],[0.8263988522238164,0.8263988522238164,0.8263988522238164,0.8263988522238164,0.8263988522238164,0.8263988522238164,0.8263988522238164,0.8263988522238164,0.17360114777618366,0.17360114777618366],[0.8263988522238164,0.8263988522238164,0.8263988522238164,0.8263988522238164,0.8263988522238164,0.8263988522238164,0.8263988522238164,0.8263988522238164,0.8263988522238164,0.8263988522238164],[0.17360114777618366,1,0.8263988522238164,0.8263988522238164,0.8263988522238164,0.8263988522238164,0.8263988522238164,0.17360114777618366,0.8263988522238164,0.8263988522238164],[1,1,1,1,1,1,1,1,1,1],[1,1,1,1,1,1,1,1,1,1],[1,1,1,1,1,1,1,1,1,1],[1,1,1,1,1,1,1,1,1,1]],
	"cost": [[0,0,0,0,0,0,0,0,0,0],[0,3.8467966573816152,0,8.732590529247911,0,0,0,5.902506963788301,0,0],[44.860724233983284,49.11142061281337,39.52089136490251,40.27298050139275,26.690807799442897,43.53481894150418,42.18941504178273,25.64066852367688,44.5208913649025,9.122562674094707],[89.93314763231197,98.44011142061282,69.25905292479109,91.5041782729805,83.04456824512536,81.20055710306406,88.32869080779945,91.29805013927576,88.95543175487465,65.16434540389972],[494.2395543175488,497.88579387186627,498.116991643454,489.95821727019495,417.75487465181055,421.28412256267404,430.83565459610026,450.2674094707521,468.1671309192201,481.3342618384401],[974.2841225626738,894.874651810585,996.9916434540391,985.1643454038998,977.4735376044567,995.3342618384402,997.9387186629525,984.8300835654596,988.841225626741,961.7353760445683],[4924.5543175487455,4977.584958217271,4987.621169916438,4984.902506963787,4938.036211699164,4998.325905292479,4980.406685236767,4979.938718662955,4931.24512534819,4991.295264623952],[9975.300835654602,9920.158774373263,9977.8495821727,9907.459610027856,9938.94150417827,9955.740947075212,9957.688022284121,9927.498607242333,9903.194986072423,9996.610027855151]]
}