{
	"method": "ase",
	"totalCost": [1,10,50,100,500,1000,5000,10000],
	"accuracy": [[0.17360114777618366,0.17360114777618366,0.17360114777618366,0.17360114777618366,0.17360114777618366,0.17360114777618366,0.17360114777618366,0.17360114777618366,0.17360114777618366,0.17360114777618366],[1,1,0.17360114777618366,1,1,0.17360114777618366,0.17360114777618366,1,1,1],[0.17360114777618366,1,1,0.17360114777618366,1,1,1,1,1,1],[1,1,1,1,1,1,1,1,1,1],[1,1,1,1,1,1,1,1,1,1],[1,1,1,1,1,1,1,1,1,1],[1,1,1,1,1,1,1,1,1,1],[1,1,1,1,1,1,1,1,1,1]],
	"cost": [[0,0,0,0,0,0,0,0,0,0],[9.272980501392757,8.376044568245126,0,6.077994428969359,7.016713091922005,0,0,2.8467966573816157,9.623955431754874,3.604456824512535],[45.295264623955426,47.34818941504179,49.88300835654596,47.21448467966574,44.42618384401114,42.67688022284123,48.584958217270184,48.63788300835655,45.18105849582173,46.45961002785515],[96.04456824512536,91.49025069637882,99.991643454039,95.9192200557103,98.49303621169915,99.83844011142061,96.11977715877438,98.15598885793872,98.3593314763231,96.49025069637882],[490.24233983286905,496.974930362117,499.23119777158774,495.15041782729793,496.7771587743733,499.88022284122553,495.2033426183842,496.4456824512535,490.3036211699165,493.05571030640647],[988.674094707521,997.7075208913645,997.3760445682449,992.2562674094704,993.6685236768801,989.8245125348188,991.1866295264626,991.5933147632311,992.4791086350975,997.4345403899721],[4981.701949860724,4991.676880222843,4982.030640668524,4998.337047353764,4989.292479108638,4987.8077994428995,4983.292479108637,4978.646239554323,4986.072423398331,4981.431754874656],[9999.649025069639,9964.284122562667,9958.612813370473,9998.356545960998,9979.125348189418,9959.657381615594,9997.612813370471,9999.225626740938,9969.568245125349,9977.827298050132]]
}