{
	"method": "ase",
	"totalCost": [1,10,50,100,500,1000,5000,10000],
	"accuracy": [[0.17360114777618366,0.17360114777618366,0.17360114777618366,0.17360114777618366,0.17360114777618366,0.17360114777618366,0.17360114777618366,0.17360114777618366,0.17360114777618366,0.17360114777618366],[1,1,1,1,1,0.17360114777618366,0.17360114777618366,1,0.17360114777618366,1],[1,1,1,1,1,1,1,1,1,1],[1,1,1,1,1,1,1,1,1,1],[1,1,1,1,1,1,1,1,1,1],[1,1,1,1,1,1,1,1,1,1],[1,1,1,1,1,1,1,1,1,1],[1,1,1,1,1,1,1,1,1,1]],
	"cost": [[0,0,0,0,0,0,0,0,0,0],[7.657381615598886,5.883008356545961,6.426183844011142,8.066852367688023,6.64066852367688,0,0,7.6434540389972145,0,2.8467966573816157],[48.03064066852367,49.15041782729804,47.79944289693593,49.35933147632312,48.54874651810585,49.77994428969359,47.504178272980496,42.601671309192206,48.718662952646234,43.610027855153206],[91.69359331476323,96.02228412256268,98.26462395543174,97.25905292479108,99.98607242339833,97.19777158774373,94.32033426183843,98.98885793871867,99.23955431754872,97.8523676880223],[499.9526462395541,498.2228412256268,498.651810584958,493.2311977715877,499.45403899721447,493.50139275766014,499.8913649025069,496.9860724233981,495.3454038997215,496.0389972144847],[991.4261838440107,993.5487465181059,992.0696378830082,990.8412256267411,993.3091922005573,992.8133704735375,992.1392757660168,991.1030640668527,985.2061281337046,999.3732590529247],[4989.768802228413,4980.576601671309,4993.916434540395,4995.938718662956,4986.22562674095,4984.824512534821,4988.197771587747,4996.9777158774405,4992.256267409474,4987.08635097493],[9996.013927576594,9998.192200557105,9972.830083565454,9999.431754874648,9966.448467966578,9960.841225626742,9971.292479108639,9994.075208913653,9965.476323119778,9964.362116991642]]
}