{
	"method": "rand",
	"totalCost": [1,10,50,100,500,1000,5000,10000],
	"accuracy": [[0.17360114777618366,0.17360114777618366,0.17360114777618366,0.17360114777618366,0.17360114777618366,0.17360114777618366,0.17360114777618366,0.17360114777618366,0.17360114777618366,0.17360114777618366],[0.8263988522238164,0.8263988522238164,0.8263988522238164,0.8263988522238164,0.8263988522238164,0.8263988522238164,0.8263988522238164,0.8263988522238164,0.8263988522238164,0.8263988522238164],[0.8263988522238164,0.8263988522238164,1,0.8263988522238164,0.8263988522238164,0.8263988522238164,0.8263988522238164,0.17360114777618366,0.17360114777618366,0.8263988522238164],[1,1,0.8263988522238164,1,0.8263988522238164,0.8263988522238164,1,0.17360114777618366,0.8263988522238164,0.8263988522238164],[1,1,1,1,1,1,1,1,1,1],[1,1,1,1,1,1,1,1,1,1],[1,1,1,1,1,1,1,1,1,1],[1,1,1,1,1,1,1,1,1,1]],
	"cost": [[0,0,0,0,0,0,0,0,0,0],[0,0,0,9.682451253481894,0,8.930362116991644,0,0,0,7.22841225626741],[0,32.37883008356546,45.32311977715877,29.796657381615596,32.37883008356546,0,35.1142061281337,0,47.56545961002785,37.48189415041783],[59.3983286908078,94.48467966573816,94.62395543175488,92.4540389972145,79.21727019498607,96.14484679665739,96.82451253481894,54.038997214484674,97.57938718662952,40.37883008356546],[488.36490250696386,493.78551532033435,457.92479108635087,496.8356545961003,423.1894150417827,489.1559888579386,474.4651810584958,457.1392757660168,435.6462395543175,498.7409470752089],[995.1532033426182,963.3565459610029,951.0779944289698,999.5125348189416,961.3704735376044,914.6713091922006,984.5125348189416,979.8802228412256,997.0863509749303,978.874651810585],[4974.465181058496,4997.317548746517,4980.977715877439,4993.080779944289,4997.440111420613,4973.1058495821735,4927.885793871866,4973.061281337044,4997.621169916437,4994.802228412255],[9928.337047353762,9938.713091922005,9988.779944289696,9981.612813370475,9985.635097493034,9946.72144846797,9927.448467966577,9993.40111420613,9998.986072423404,9935.197771587751]]
}