{
	"method": "ase",
	"stepsizes": [1,2,4,5,8,10,15,16,20,25,30,32,64,128,256],
	"accuracy": [[0,0,0,0,0,0,0,0,0,0],[0,0,0,0,0,0,0,0,0,0],[0,0,0,0,0,0,0,0,0,0],[0,0,0,0,0,0,0,0,0,0],[0,0,1,1,1,0,0,0,1,0],[1,0,0,1,0,1,0,0,0,1],[0,0,1,1,0,0,1,1,1,1],[1,1,1,1,1,0,0,0,1,0],[1,1,1,1,1,1,1,1,1,1],[1,1,1,1,1,1,1,1,1,1],[1,1,1,1,1,1,1,1,1,1],[1,1,1,1,1,1,1,1,1,1],[1,1,1,1,1,1,1,1,1,1],[1,1,1,1,1,1,1,1,1,1],[1,1,1,1,1,1,1,1,1,1]],
	"cost": [[133.7606936416185,133.7606936416185,133.7606936416185,133.7606936416185,133.7606936416185,133.7606936416185,133.52369942196535,133.7606936416185,133.7606936416185,133.52369942196535],[267.2843930635838,267.2843930635838,267.2843930635838,267.2843930635838,267.2843930635838,267.2843930635838,267.2843930635838,267.2843930635838,267.2843930635838,267.2843930635838],[532.3317919075145,532.3317919075146,532.3317919075146,532.3317919075145,532.3317919075146,532.3317919075145,532.3317919075146,532.3317919075145,532.3317919075146,532.3317919075146],[664.8554913294798,664.8554913294797,664.8554913294798,664.8554913294798,664.8554913294797,664.8554913294797,664.8554913294797,664.8554913294797,664.8554913294797,664.8554913294797],[1063.4265895953758,1063.4265895953758,930.9028901734105,1063.4265895953758,930.9028901734105,1063.4265895953758,1063.4265895953758,1063.4265895953758,1063.4265895953758,1063.4265895953758],[1328.4739884393066,1328.4739884393066,1328.4739884393066,1063.4265895953758,1328.4739884393066,1063.4265895953758,1328.4739884393066,1328.4739884393066,1328.4739884393066,1063.4265895953758],[1991.0924855491335,1991.0924855491335,1593.5213872832373,1593.5213872832373,1991.0924855491335,1991.0924855491335,1195.9502890173412,1328.4739884393066,1726.0450867052027,1858.568786127168],[1195.9502890173412,1195.9502890173412,1593.5213872832373,1460.997687861272,930.9028901734105,2123.616184971099,2123.616184971099,2123.616184971099,930.9028901734105,2123.616184971099],[1063.4265895953758,1195.9502890173412,1858.568786127168,1593.5213872832373,2653.7109826589603,1858.568786127168,2653.7109826589603,2653.7109826589603,1460.997687861272,2653.7109826589603],[1991.0924855491335,1063.4265895953758,930.9028901734105,2256.139884393064,1593.5213872832373,1858.568786127168,1991.0924855491335,1063.4265895953758,1858.568786127168,3052.2820809248565],[2786.2346820809257,1328.4739884393066,1991.0924855491335,1063.4265895953758,3052.2820809248565,1460.997687861272,1858.568786127168,2786.2346820809257,1858.568786127168,1328.4739884393066],[1328.4739884393066,3449.8531791907526,2653.7109826589603,1063.4265895953758,3184.805780346822,3184.805780346822,1726.0450867052027,2123.616184971099,1593.5213872832373,1593.5213872832373],[2388.6635838150296,2786.2346820809257,1063.4265895953758,1063.4265895953758,3317.329479768787,930.9028901734105,3184.805780346822,930.9028901734105,3052.2820809248565,1460.997687861272],[3449.8531791907526,1593.5213872832373,2653.7109826589603,1195.9502890173412,1063.4265895953758,2256.139884393064,2653.7109826589603,1858.568786127168,1195.9502890173412,3184.805780346822],[1858.568786127168,3184.805780346822,1726.0450867052027,2256.139884393064,930.9028901734105,2388.6635838150296,1063.4265895953758,2786.2346820809257,1991.0924855491335,1991.0924855491335]]
}