{
	"method": "rand",
	"stepsizes": [1,2,4,5,8,10,15,16,20,25,30,32,64,128,256],
	"accuracy": [[0,0,0,0,0,0,0,0,0,0],[0,0,0,0,0,0,0,0,0,0],[0,0,0,0,0,0,0,0,0,0],[0,0,0,0,0,0,0,0,0,0],[0,0,0,0,0,0,0,0,0,0],[0,0,0,0,0,0,0,0,0,0],[0,0,0,0,0,0,0,0,0,0],[0,0,0,0,0,0,0,0,0,0],[0,0,0,0,0,0,0,0,0,0],[0,0,0,0,0,0,0,0,0,0],[0,0,0,0,0,0,0,0,0,0],[0,0,0,0,0,0,0,0,0,0],[0,0,0,0,0,0,0,0,0,0],[1,0,0,0,0,0,0,0,0,0],[0,0,1,1,0,0,0,0,0,0]],
	"cost": [[133.7606936416185,133.52369942196535,369.5179190751445,369.5179190751445,133.7606936416185,133.7606936416185,369.5179190751445,133.52369942196535,133.52369942196535,133.52369942196535],[266.4982658959538,267.0473988439307,503.0416184971099,503.0416184971099,265.9491329479769,267.521387283237,265.9491329479769,267.0473988439307,267.0473988439307,266.04739884393064],[768.7768786127167,531.5456647398844,1006.0832369942198,533.5687861271676,533.0947976878614,534.0947976878614,534.0947976878614,532.6843930635839,531.7826589595376,533.5456647398845],[666.7572254335262,665.9710982658961,902.8497109826592,665.6184971098266,902.6127167630059,903.5375722543354,904.3236994219653,902.063583815029,902.2023121387283,901.6127167630059],[1540.415028901734,1066.8774566473992,1303.8716763005784,1301.5364161849714,1538.8658959537574,1066.5653179190754,1304.183815028902,1539.0797687861273,1303.5595375722546,1066.8774566473992],[1336.6589595375724,1803.5780346820811,1805.150289017341,1334.3005780346823,1333.612716763006,1333.3757225433528,1330.2369942196535,1571.1791907514453,1570.6069364161854,1806.1502890173413],[2473.6936416184976,2473.693641618497,2237.2485549132953,2236.439306358382,2707.2138728323707,2235.439306358382,2469.982658959538,3182.514450867053,2710.549132947978,2234.1271676300585],[2370.9861271676305,2842.500578034683,3076.2578034682087,2132.2289017341045,2368.9861271676305,2604.2693641618503,2607.19421965318,2602.7202312138734,2605.431213872833,2369.2000000000003],[3609.2774566474,3610.6300578034693,3849.5549132947986,3135.5260115606948,4084.364161849712,3609.0867052023127,3609.5895953757235,3373.832369942197,3376.7803468208103,3611.3005780346825],[4039.49132947977,3807.0924855491344,4514.028901734106,4041.6127167630075,4041.161849710984,3569.150289017342,3567.127167630059,4513.838150289019,4274.011560693642,4044.612716763007],[4234.786127167631,4944.439306358381,5415.953757225431,6121.820809248552,5651.300578034682,5652.820809248554,4946.699421965318,4707.543352601157,5419.21387283237,4940.323699421965],[4738.209248554914,4973.18034682081,4976.7294797687855,6390.082080924853,4973.7294797687855,5207.295953757224,5446.006936416182,4971.041618497109,5682.139884393062,5445.671676300576],[11130.94450867051,10185.915606936402,10892.389595375711,9950.435838150277,9708.892485549124,11603.6092485549,10418.089017341028,11135.117919075132,10656.46473988438,11362.360693641605],[21075.941040462436,21310.808092485553,20140.47283236994,20131.143352601157,21077.941040462432,22493.663583815036,21081.744508670523,21321.351445086704,22733.0161849711,20139.38612716762],[43810.30982658974,42152.43121387295,43111.49479768799,43795.54682080937,45462.332947977,42380.743352601305,42628.2462427747,42388.5815028903,40975.442774566625,43576.24046242788]]
}