{
	"method": "ase",
	"stepsizes": [0,1,2,3,4,5,10,15,20,25,30],
	"accuracy": [[0.17360114777618366,0.17360114777618366,0.17360114777618366,0.17360114777618366,0.17360114777618366,0.17360114777618366,0.17360114777618366,0.17360114777618366,0.17360114777618366,0.17360114777618366],[0.8263988522238164,0.8263988522238164,0.8263988522238164,0.8263988522238164,0.8263988522238164,0.8263988522238164,0.8263988522238164,0.8263988522238164,0.8263988522238164,0.8263988522238164],[1,1,1,1,1,1,1,1,1,1],[1,1,1,1,1,1,1,1,1,1],[1,1,1,1,1,1,1,1,1,1],[1,1,1,1,1,1,1,1,1,1],[1,1,1,1,1,1,1,1,1,1],[1,1,1,1,1,1,1,1,1,1],[1,1,1,1,1,1,1,1,1,1],[1,1,1,1,1,1,1,1,1,1],[1,1,1,1,1,1,1,1,1,1]],
	"cost": [[0,0,0,0,0,0,0,0,0,0],[91.43175487465182,41.86629526462396,20.33426183844011,37.690807799442894,5.902506963788301,35.39275766016713,24.08356545961003,103.55431754874651,14.206128133704736,3.4707520891364907],[33.83286908077994,43.24233983286908,45.29247910863509,22.5933147632312,118.3008356545961,34.44568245125348,48.92757660167131,19.58217270194986,38.63509749303621,20.919220055710305],[64.4791086350975,16.25626740947075,35.73537604456825,43.108635097493035,23.181058495821723,17.632311977715876,33.84401114206128,35.111420612813376,31.738161559888578,42.25348189415042],[18.632311977715876,95.7883008356546,19.055710306406684,19.632311977715876,19.18941504178273,36.927576601671305,123.96935933147633,28.704735376044567,38.38718662952646,64.72144846796658],[45.00557103064067,46.4066852367688,32.977715877437326,18.532033426183844,25.701949860724234,18.317548746518103,17.019498607242337,33.75487465181058,42.15877437325905,113.59610027855153],[135.90250696378828,41.072423398328695,30.044568245125348,57.242339832869085,50.53760445682452,77.50696378830084,54.080779944289695,34.35933147632312,60.09470752089137,48.913649025069645],[49.37047353760446,137.78272980501393,45.894150417827305,51.214484679665745,57.18384401114206,57.16713091922006,56.83565459610028,57.58217270194986,64.5682451253482,45.66573816155989],[77.49303621169916,60.77715877437326,74.55710306406685,94.70194986072423,160.62116991643455,72.24791086350974,79.04456824512535,79.98050139275766,72.03342618384401,69.93593314763231],[179.1225626740947,105.84122562674095,84.32033426183844,104.53203342618384,173.00278551532034,160.1225626740947,83.8523676880223,177.6016713091922,107.16713091922006,114.3091922005571],[186.93871866295262,131.3676880222841,114.92479108635098,119.39554317548746,109.30362116991643,107.12813370473538,127.29805013927577,205.27855153203342,101.40947075208913,115.77715877437326]]
}