{
	"method": "rand",
	"stepsizes": [0,1,2,3,4,5,10,15,20,25,30],
	"accuracy": [[0.17360114777618366,0.17360114777618366,0.17360114777618366,0.17360114777618366,0.17360114777618366,0.17360114777618366,0.17360114777618366,0.17360114777618366,0.17360114777618366,0.17360114777618366],[0.8263988522238164,0.8263988522238164,0.8263988522238164,0.8263988522238164,0.8263988522238164,0.8263988522238164,0.8263988522238164,0.8263988522238164,0.8263988522238164,0.8263988522238164],[0.8263988522238164,1,0.6958393113342898,0.8263988522238164,1,1,0.8263988522238164,1,0.8263988522238164,0.8263988522238164],[1,1,1,0.8263988522238164,1,0.8263988522238164,0.8263988522238164,0.8263988522238164,1,0.8263988522238164],[0.8263988522238164,1,1,0.8263988522238164,1,0.8263988522238164,0.8263988522238164,0.8263988522238164,1,1],[0.8263988522238164,1,0.8263988522238164,0.8263988522238164,1,0.8263988522238164,0.8263988522238164,0.8263988522238164,0.8263988522238164,1],[1,1,1,1,1,1,1,1,1,1],[1,1,1,1,1,1,1,1,1,1],[1,1,1,1,1,1,1,1,1,1],[1,1,1,1,1,1,1,1,1,1],[1,1,1,1,1,1,1,1,1,1]],
	"cost": [[0,0,0,0,0,0,0,0,0,0],[34.540389972144844,14.554317548746516,9.880222841225628,32.21727019498607,12.423398328690807,38.958217270194986,18.284122562674092,6.077994428969359,28.986072423398326,23.08635097493036],[145.89972144846797,44.57660167130919,109.63231197771587,113.39554317548748,124.33147632311977,115.974930362117,68.93314763231197,70.61281337047355,82.3259052924791,192.43454038997214],[51.35654596100278,116.26183844011142,60.707520891364894,82.27019498607243,104.46796657381616,201.53203342618383,225.62116991643455,80.93593314763231,127.73537604456826,25.11142061281337],[79.20612813370474,109.82451253481895,103.8300835654596,22.119777158774372,87.28412256267409,42.23676880222841,187.44846796657382,53.030640668523674,107.76601671309191,201.2534818941504],[95.02785515320335,259.3844011142061,58.58217270194986,190.9108635097493,83.00278551532033,154.62674094707523,270.71309192200556,279.6490250696379,319.6295264623955,112.52646239554318],[356.20055710306406,155.47632311977713,512.3036211699164,369.86350974930355,505.7938718662952,290.80501392757657,403.6713091922006,202.99721448467963,422.48746518105844,285.0612813370474],[518.1364902506964,244.8384401114206,389.1002785515321,450.5682451253482,691.5264623955431,524.8300835654596,542.4261838440112,646.523676880223,514.6824512534819,555.4317548746518],[663.0278551532033,731.6852367688023,596.6991643454039,514.451253481894,612.4150417827298,535.6880222841227,894.3398328690807,864.6963788300835,745.7660167130919,721.3064066852369],[824.782729805014,909.3426183844011,966.7855153203346,802.7493036211698,1023.3649025069637,782.0445682451253,865.6824512534819,734.4763231197771,587.7130919220054,910.5431754874651],[1237.8635097493038,1323.2701949860723,841.523676880223,1049.6490250696377,1024.1949860724233,1082.5598885793872,1198.7715877437324,1225.908077994429,901.4066852367689,835.2256267409472]]
}