{
	"method": "ase",
	"stepsizes": [0,1,2,3,4,5,10,15,20,25,30],
	"accuracy": [[0.17360114777618366,0.17360114777618366,0.17360114777618366,0.17360114777618366,0.17360114777618366,0.17360114777618366,0.17360114777618366,0.17360114777618366,0.17360114777618366,0.17360114777618366],[0.8263988522238164,0.8263988522238164,1,0.8263988522238164,1,0.8263988522238164,0.8263988522238164,1,0.8263988522238164,0.8263988522238164],[0.8263988522238164,0.8263988522238164,0.8263988522238164,0.8263988522238164,0.8263988522238164,0.8263988522238164,0.8263988522238164,0.8263988522238164,1,0.8263988522238164],[1,1,1,1,1,1,1,1,1,1],[1,1,1,1,1,1,1,1,1,1],[1,1,1,1,1,1,1,1,1,1],[1,1,1,1,1,1,1,1,1,1],[1,1,1,1,1,1,1,1,1,1],[1,1,1,1,1,1,1,1,1,1],[1,1,1,1,1,1,1,1,1,1],[1,1,1,1,1,1,1,1,1,1]],
	"cost": [[0,0,0,0,0,0,0,0,0,0],[8.869080779944289,39.06685236768802,131.83844011142062,7.796657381615598,89.3732590529248,48.94150417827298,9.253481894150417,95.1142061281337,18.15041782729805,38.0],[34.805013927576596,13.69359331476323,43.303621169916426,18.384401114206128,22.37883008356546,19.161559888579387,18.077994428969358,65.00278551532034,82.61559888579387,30.002785515320333],[128.91364902506965,83.91364902506965,116.16713091922006,132.7715877437326,110.75766016713092,145.48189415041782,116.36211699164345,124.24512534818942,136.2284122562674,111.51532033426184],[123.57660167130919,86.52089136490251,103.28690807799443,148.4958217270195,124.65459610027855,112.74651810584959,117.5125348189415,105.96100278551532,110.37047353760445,123.9192200557103],[108.48189415041783,123.13370473537604,112.6016713091922,115.21448467966573,118.21727019498607,116.991643454039,98.42896935933148,144.3983286908078,139.0807799442897,108.04456824512535],[130.6518105849582,114.70752089136491,151.10306406685237,144.25069637883007,136.59052924791087,156.2284122562674,138.8635097493036,108.9108635097493,122.11699164345404,90.36211699164345],[98.42896935933148,114.69359331476323,141.35376044568244,127.29526462395543,111.42061281337047,133.983286908078,136.04178272980502,123.6824512534819,107.28690807799443,110.51810584958217],[137.27019498607243,124.44011142061281,111.1058495821727,120.16713091922006,131.13091922005572,115.66852367688023,106.96100278551532,163.91643454038996,115.54874651810584,108.25905292479109],[114.70752089136491,138.31197771587745,127.63231197771589,115.66852367688023,130.47353760445682,143.6518105849582,120.82451253481894,107.48189415041783,97.90529247910864,124.96378830083566],[135.3091922005571,143.025069637883,123.13370473537604,171.05849582172704,114.08356545961003,111.35933147632312,140.0807799442897,127.29526462395543,123.63788300835654,112.42061281337047]]
}