{
	"method": "ase",
	"stepsizes": [0,1,2,3,4,5,10,15,20,25,30],
	"accuracy": [[0.17360114777618366,0.17360114777618366,0.17360114777618366,0.17360114777618366,0.17360114777618366,0.17360114777618366,0.17360114777618366,0.17360114777618366,0.17360114777618366,0.17360114777618366],[0.8263988522238164,0.8263988522238164,0.8263988522238164,1,0.8263988522238164,0.8263988522238164,1,0.8263988522238164,0.8263988522238164,0.8263988522238164],[1,1,1,1,1,1,1,1,1,1],[1,1,1,1,1,1,1,1,1,1],[1,1,1,1,1,1,1,1,1,1],[1,1,1,1,1,1,1,1,1,1],[1,1,1,1,1,1,1,1,1,1],[1,1,1,1,1,1,1,1,1,1],[1,1,1,1,1,1,1,1,1,1],[1,1,1,1,1,1,1,1,1,1],[1,1,1,1,1,1,1,1,1,1]],
	"cost": [[0,0,0,0,0,0,0,0,0,0],[24.860724233983287,28.735376044568245,35.456824512534816,20.295264623955433,27.467966573816156,111.91086350974929,36.81894150417828,30.935933147632312,119.05292479108634,17.813370473537603],[14.498607242339835,110.07799442896936,136.3231197771588,32.50696378830084,109.66295264623956,41.25348189415042,37.033426183844014,14.498607242339835,26.701949860724234,103.04178272980502],[42.25348189415042,28.704735376044567,16.122562674094706,38.63509749303621,54.401114206128135,41.532033426183844,16.969359331476323,17.206128133704734,14.256267409470752,47.56545961002785],[34.83286908077994,114.45403899721448,35.02785515320334,25.46239554317549,68.85515320334261,121.21727019498607,121.21727019498607,24.838440111420613,20.582172701949858,18.86350974930362],[37.79944289693593,24.52924791086351,32.00278551532033,22.805013927576606,20.57660167130919,31.98050139275766,21.908077994428968,38.73537604456825,120.19777158774373,104.86072423398328],[57.270194986072426,121.82451253481895,40.20612813370474,35.94428969359331,57.05571030640669,134.9526462395543,30.82172701949861,69.17827298050139,60.3175487465181,30.250696378830085],[47.420612813370475,48.75766016713092,71.03621169916434,42.93314763231198,124.42896935933148,44.807799442896936,66.70752089136491,145.1615598885794,126.76044568245125,129.983286908078],[59.35097493036211,80.02228412256267,84.82451253481895,74.88300835654596,120.17270194986071,85.35376044568245,79.63231197771587,76.74651810584959,100.8857938718663,66.77437325905292],[86.83008356545962,96.23398328690809,175.85515320334264,93.05292479108635,98.50696378830084,99.61002785515319,96.84679665738162,85.40389972144847,111.34261838440112,91.38718662952647],[102.34818941504179,132.45403899721447,133.64066852367688,139.59052924791087,121.15320334261838,122.7715877437326,184.6657381615599,180.20612813370474,108.78272980501393,126.93593314763231]]
}