{
	"method": "rand",
	"stepsizes": [0,1,2,3,4,5,10,15,20,25,30],
	"accuracy": [[0.17360114777618366,0.17360114777618366,0.17360114777618366,0.17360114777618366,0.17360114777618366,0.17360114777618366,0.17360114777618366,0.17360114777618366,0.17360114777618366,0.17360114777618366],[0.8263988522238164,0.8263988522238164,0.8263988522238164,0.8263988522238164,0.8263988522238164,0.8263988522238164,0.8263988522238164,0.8263988522238164,0.8263988522238164,0.8263988522238164],[0.8263988522238164,0.8263988522238164,1,0.8263988522238164,0.8263988522238164,0.8263988522238164,0.8263988522238164,0.8263988522238164,1,0.8263988522238164],[0.8263988522238164,1,1,1,0.8263988522238164,0.8263988522238164,1,0.8263988522238164,0.8263988522238164,0.8263988522238164],[1,0.8263988522238164,0.8263988522238164,0.8263988522238164,0.8263988522238164,0.8263988522238164,0.8263988522238164,0.8263988522238164,1,0.8263988522238164],[1,1,1,1,1,0.8263988522238164,1,1,1,0.8263988522238164],[1,1,1,1,0.8263988522238164,0.8263988522238164,1,1,1,1],[1,1,1,1,1,1,1,1,1,1],[1,1,1,1,1,1,1,1,1,1],[1,1,1,1,1,1,1,1,1,1],[1,1,1,1,1,1,1,1,1,1]],
	"cost": [[0,0,0,0,0,0,0,0,0,0],[3.8189415041782726,30.35933147632312,9.81615598885794,6.7855153203342615,6.98050139275766,97.49025069637884,30.181058495821723,16.105849582172702,89.6824512534819,16.827298050139277],[112.04456824512535,137.07799442896936,120.64902506963787,120.94707520891365,55.64902506963789,37.38440111420613,46.50974930362116,102.61281337047353,16.77715877437326,32.40389972144847],[132.83844011142062,61.34540389972145,164.20891364902508,98.50139275766017,152.43732590529245,130.15877437325906,47.406685236768794,57.18105849582172,36.02506963788301,65.70194986072424],[171.43454038997214,37.852367688022284,198.35933147632312,125.01671309192201,95.87465181058496,56.278551532033426,181.26462395543177,146.37604456824513,102.6601671309192,161.93036211699163],[159.33704735376045,182.64345403899722,171.74930362116993,146.36211699164346,263.2089136490251,121.22841225626739,70.70752089136491,298.81058495821725,299.45403899721447,235.86350974930363],[375.8189415041783,289.1504178272981,362.4038997214484,365.0306406685237,452.89693593314763,255.0,305.61281337047353,241.1699164345404,436.33704735376045,365.23955431754877],[415.38161559888584,718.0278551532033,508.01114206128136,637.2061281337049,493.6908077994429,398.7019498607242,521.7214484679666,656.4651810584958,487.933147632312,489.6323119777158],[736.5376044568245,476.8161559888579,670.4428969359332,526.3454038997214,689.9637883008356,774.6573816155989,742.991643454039,615.5849582172702,744.9052924791087,628.4846796657382],[813.8607242339832,813.9275766016711,984.6852367688026,974.7743732590529,943.649025069638,956.4540389972146,960.5598885793871,826.0334261838441,1223.7186629526464,821.9665738161561],[891.6155988857937,1036.2367688022284,1011.3871866295266,1232.941504178273,890.5125348189415,1305.1532033426186,1003.791086350975,980.727019498607,1178.7493036211702,1026.5181058495818]]
}