{
	"method": "rand",
	"stepsizes": [0,1,2,3,4,5,10,15,20,25,30],
	"accuracy": [[0.17360114777618366,0.17360114777618366,0.17360114777618366,0.17360114777618366,0.17360114777618366,0.17360114777618366,0.17360114777618366,0.17360114777618366,0.17360114777618366,0.17360114777618366],[0.8263988522238164,0.8263988522238164,0.8263988522238164,0.8263988522238164,0.8263988522238164,0.8263988522238164,0.8263988522238164,0.8263988522238164,0.8263988522238164,0.8263988522238164],[0.8263988522238164,0.8263988522238164,0.8263988522238164,0.8263988522238164,0.8263988522238164,0.8263988522238164,0.8263988522238164,0.8263988522238164,0.8263988522238164,0.8263988522238164],[0.8263988522238164,1,0.6958393113342898,0.8263988522238164,0.8263988522238164,1,0.8263988522238164,1,1,0.8263988522238164],[1,1,1,1,1,0.8263988522238164,0.8263988522238164,0.8263988522238164,1,1],[1,1,1,0.8263988522238164,1,0.8263988522238164,1,1,1,1],[1,1,1,1,1,0.8263988522238164,1,1,1,1],[1,0.8263988522238164,1,1,1,1,1,1,1,1],[1,0.8263988522238164,1,1,1,1,1,1,1,1],[1,1,1,1,1,1,1,1,1,1],[1,1,1,1,1,1,1,1,1,1]],
	"cost": [[0,0,0,0,0,0,0,0,0,0],[18.23955431754875,35.97771587743732,30.181058495821723,17.172701949860723,18.172701949860727,110.6016713091922,36.8133704735376,21.988857938718667,94.78830083565458,16.532033426183844],[53.4874651810585,39.89972144846797,58.9025069637883,44.99164345403899,40.701949860724234,57.26183844011142,38.62116991643454,50.33147632311978,28.793871866295266,42.9025069637883],[58.247910863509745,151.966573816156,132.50974930362116,41.966573816155986,72.01114206128133,201.1364902506964,94.42061281337047,204.10863509749305,137.16155988857938,103.23119777158774],[212.99721448467966,219.8635097493036,221.62952646239555,179.7075208913649,194.79108635097492,83.67130919220054,126.95264623955433,112.41504178272979,244.2423398328691,283.42896935933146],[174.25626740947075,207.56267409470755,293.83286908078,91.06963788300835,204.29805013927574,107.008356545961,211.69637883008357,233.7325905292479,216.41225626740945,304.61002785515313],[225.8885793871866,476.5626740947075,423.008356545961,341.7966573816156,412.066852367688,220.35097493036216,388.51532033426184,383.98050139275756,325.5431754874652,242.94707520891367],[753.7994428969358,533.5543175487466,389.85236768802235,733.8830083565459,582.1615598885794,517.9888579387186,566.8133704735376,427.20612813370474,508.93593314763234,653.0306406685237],[939.2451253481895,579.1615598885794,817.7520891364904,695.9944289693594,649.7632311977716,703.4679665738162,977.4401114206127,944.364902506964,473.9080779944289,979.5292479108635],[911.5348189415043,1057.3147632311977,1081.6880222841228,923.3342618384399,1056.1142061281337,936.4540389972144,927.7632311977716,899.2005571030639,724.1782729805014,953.1364902506964],[930.1448467966575,851.6880222841227,927.2813370473538,831.6267409470754,1121.2228412256268,1335.1866295264626,1082.9136490250694,1331.6462395543174,925.6100278551532,1038.0473537604455]]
}